{
    "video_info": {
        "path": "video.mp4",
        "width": 1920,
        "height": 1080,
        "fps": 29
    },
    "overall_metrics": {
        "leg_length_diff": {
            "mean": 20.633333333333333,
            "std": 9.468309716569738,
            "min": 1.0,
            "max": 43.0,
            "median": 19.5
        },
        "shoulder_height_diff": {
            "mean": 10.575,
            "std": 8.712694282864899,
            "min": 0.0,
            "max": 25.0,
            "median": 7.5
        },
        "pelvic_tilt": {
            "mean": -74.58702417851318,
            "std": 12.108164651090533,
            "min": -87.9545915111128,
            "max": -39.28940686250036,
            "median": -75.67144127172094
        },
        "shoulder_tilt": {
            "mean": -72.32876859665372,
            "std": 22.515653144266132,
            "min": -90.0,
            "max": 45.0,
            "median": -74.11770507578849
        },
        "step_width": {
            "mean": 198.13333333333333,
            "std": 88.90565536317447,
            "min": 4.0,
            "max": 316.0,
            "median": 222.0
        },
        "step_asymmetry": {
            "mean": 12.357446808510637,
            "std": 21.074939687764594,
            "min": 6.0,
            "max": 150.0,
            "median": 7.0
        },
        "center_of_gravity_deviation": {
            "mean": 0.0,
            "std": 0.0,
            "min": 0.0,
            "max": 0.0,
            "median": 0.0
        },
        "arm_movement_symmetry": {
            "mean": 16.730434782608697,
            "std": 1.1019487807116577,
            "min": 8.0,
            "max": 18.0,
            "median": 17.0
        },
        "knee_deviation_left": {
            "mean": 30.82935945554262,
            "std": 17.922807435621113,
            "min": -1.6404494382022676,
            "max": 62.488687782805414,
            "median": 33.88636069812537
        },
        "knee_deviation_right": {
            "mean": -36.659359265182395,
            "std": 16.666145703836214,
            "min": -65.94827586206895,
            "max": -9.024070021881812,
            "median": -39.11648390519986
        },
        "trunk_rotation": {
            "mean": 17.37136741468102,
            "std": 20.80365754038266,
            "min": 0.23196545129823676,
            "max": 130.6012946450045,
            "median": 14.940164505210632
        },
        "step_count": {
            "total": 15,
            "left": 8,
            "right": 7
        },
        "gait_symmetry": 0.875
    },
    "steps": {
        "total_count": 15,
        "left_steps": 8,
        "right_steps": 7
    },
    "step_averages": [
        {
            "leg_length_diff": 21.473684210526315,
            "shoulder_height_diff": 5.578947368421052,
            "pelvic_tilt": -70.8555715772641,
            "shoulder_tilt": -73.74517610221704,
            "step_width": 210.89473684210526,
            "step_asymmetry": 73.35714285714286,
            "center_of_gravity_deviation": 0.0,
            "arm_movement_symmetry": 14.666666666666666,
            "knee_deviation_left": 35.005813986238074,
            "knee_deviation_right": -34.68286758993121,
            "trunk_rotation": 21.954484465135273
        },
        {
            "leg_length_diff": 20.46153846153846,
            "shoulder_height_diff": 19.076923076923077,
            "pelvic_tilt": -79.56778374423986,
            "shoulder_tilt": -71.30805418193606,
            "step_width": 192.6153846153846,
            "step_asymmetry": 32.38461538461539,
            "center_of_gravity_deviation": 0.0,
            "arm_movement_symmetry": 16.46153846153846,
            "knee_deviation_left": 25.606776809103728,
            "knee_deviation_right": -41.12729950019372,
            "trunk_rotation": 8.988232067163127
        },
        {
            "leg_length_diff": 20.823529411764707,
            "shoulder_height_diff": 4.0588235294117645,
            "pelvic_tilt": -70.7069583570173,
            "shoulder_tilt": -72.88490694008892,
            "step_width": 202.35294117647058,
            "step_asymmetry": 7.0,
            "center_of_gravity_deviation": 0.0,
            "arm_movement_symmetry": 16.764705882352942,
            "knee_deviation_left": 34.860371414176925,
            "knee_deviation_right": -33.24138678388992,
            "trunk_rotation": 23.527283775458105
        },
        {
            "leg_length_diff": 20.857142857142858,
            "shoulder_height_diff": 18.285714285714285,
            "pelvic_tilt": -79.90013278343861,
            "shoulder_tilt": -72.07352867467385,
            "step_width": 196.42857142857142,
            "step_asymmetry": 7.0,
            "center_of_gravity_deviation": 0.0,
            "arm_movement_symmetry": 17.0,
            "knee_deviation_left": 26.963203254318632,
            "knee_deviation_right": -41.56832842832559,
            "trunk_rotation": 9.801066610939078
        },
        {
            "leg_length_diff": 20.4375,
            "shoulder_height_diff": 3.8125,
            "pelvic_tilt": -70.14519615862876,
            "shoulder_tilt": -72.34189918768703,
            "step_width": 199.5625,
            "step_asymmetry": 7.0,
            "center_of_gravity_deviation": 0.0,
            "arm_movement_symmetry": 17.0,
            "knee_deviation_left": 34.20688467440139,
            "knee_deviation_right": -32.35022345788304,
            "trunk_rotation": 23.82700054328382
        },
        {
            "leg_length_diff": 21.266666666666666,
            "shoulder_height_diff": 17.266666666666666,
            "pelvic_tilt": -78.6867402134756,
            "shoulder_tilt": -73.05663808837132,
            "step_width": 198.4,
            "step_asymmetry": 7.0,
            "center_of_gravity_deviation": 0.0,
            "arm_movement_symmetry": 17.0,
            "knee_deviation_left": 28.8789430839841,
            "knee_deviation_right": -42.38073226409804,
            "trunk_rotation": 10.822390546619282
        },
        {
            "leg_length_diff": 20.0,
            "shoulder_height_diff": 3.8666666666666667,
            "pelvic_tilt": -70.70825962027111,
            "shoulder_tilt": -71.37668114152378,
            "step_width": 197.8,
            "step_asymmetry": 7.0,
            "center_of_gravity_deviation": 0.0,
            "arm_movement_symmetry": 17.0,
            "knee_deviation_left": 32.7740569394081,
            "knee_deviation_right": -30.923279290747754,
            "trunk_rotation": 23.740738869759927
        },
        {
            "leg_length_diff": 22.25,
            "shoulder_height_diff": 16.375,
            "pelvic_tilt": -78.29429241499703,
            "shoulder_tilt": -73.92038156833311,
            "step_width": 198.0625,
            "step_asymmetry": 7.0,
            "center_of_gravity_deviation": 0.0,
            "arm_movement_symmetry": 17.0,
            "knee_deviation_left": 30.970185954815328,
            "knee_deviation_right": -43.2550456244567,
            "trunk_rotation": 11.172929880110832
        },
        {
            "leg_length_diff": 18.714285714285715,
            "shoulder_height_diff": 4.0,
            "pelvic_tilt": -69.96319621605821,
            "shoulder_tilt": -71.26274480439888,
            "step_width": 198.35714285714286,
            "step_asymmetry": 7.0,
            "center_of_gravity_deviation": 0.0,
            "arm_movement_symmetry": 16.071428571428573,
            "knee_deviation_left": 30.635410437639084,
            "knee_deviation_right": -29.1545404540399,
            "trunk_rotation": 25.149463438047462
        },
        {
            "leg_length_diff": 23.529411764705884,
            "shoulder_height_diff": 15.882352941176471,
            "pelvic_tilt": -75.84281471254357,
            "shoulder_tilt": -73.97459829400862,
            "step_width": 195.94117647058823,
            "step_asymmetry": 7.0,